{
    "version": 2,
    "functions": {
        "api/index.php": {
            "runtime": "vercel-php@0.7.3"
        }
    },
    "routes": [
        {
            "src": "/build/(.*)",
            "dest": "/public/build/"
        },
        {
            "src": "/img/(.*)",
            "dest": "/public/img"
        },
        {
            "src": "/icon/(.*)",
            "dest": "/public/icon"
        },
        {
            "src": "/(.*)",
            "dest": "/api/index.php"
        }
    ],
    "public": true,
    "buildCommand": "vite build",
    "outputDirectory": "public",
    "env": {
        "APP_ENV": "production",
        "APP_DEBUG": "false",
        "APP_URL": "https://alfatih-gym.com",
        "APP_KEY": "base64:H7iV0Xrk8A431vnKZH2X/zqaKsGckEh8XL1AOhfw5R4=",
        "APP_CONFIG_CACHE": "/tmp/config.php",
        "APP_EVENTS_CACHE": "/tmp/events.php",
        "APP_PACKAGES_CACHE": "/tmp/packages.php",
        "APP_ROUTES_CACHE": "/tmp/routes.php",
        "APP_SERVICES_CACHE": "/tmp/services.php",
        "VIEW_COMPILED_PATH": "/tmp",
        "CACHE_DRIVER": "array",
        "LOG_CHANNEL": "stderr",
        "SESSION_DRIVER": "cookie",
        "DB_CONNECTION": "pgsql",
        "DATABASE_URL": "postgresql://postgres.frkryaikyczxwdojpzcv:sohnagfkwoan@aws-0-ap-southeast-1.pooler.supabase.com:6543/postgres",
        "DB_PASSWORD": "sohnagfkwoan",
        "MIDTRANS_URL": "https://app.sandbox.midtrans.com/snap/snap.js",
        "MIDTRANS_SERVER_KEY": "SB-Mid-server-eMotp-qrbIcYE8B0g6zGWIjk",
        "MIDTRANS_CLIENT_KEY": "SB-Mid-client-iavka1SuQLHc29Qm",
        "MIDTRANS_IS_PRODUCTION": "false"
    }
}
